﻿🎀冰淇淋🎀,辽阳,挺好的，非常好👍👍，吴京演的真的很好,5.0,2019-02-09 23:59:50,
zMmbarbie,杭州,良心国产没错了,4.5,2019-02-09 23:59:50,
责任,运城,吹爆流浪地球   无论是正片科技感的带入（晨昏线的永夜）还是情感上的宣泄（人与人的关系以及使命感）都完美的诠释出具有中国元素的了科幻电影  演员 屈楚萧演技爆表  吴京和吴孟达不亏大牌影星实力在线  结尾冲击木星的时候吴京舍己为人更是泪点爆模,5.0,2019-02-09 23:59:49,
SwaggyRonin,肇庆,创意满分，但拍摄水平还有待提高,3.0,2019-02-09 23:59:48,1
梁真樂,开平,这题材不好，这女孩教坏很多人,2.5,2019-02-09 23:59:47,1
Liux,成都,巨幕比较震撼,4.5,2019-02-09 23:59:47,1
BJJ777283512,眉山,画面震撼，优美，超级赞。,5.0,2019-02-09 23:59:47,
张大锤,天津,给1分的真是太恶劣了，这部国产科幻片的开山之作虽然有很多不足，但是真的相当棒了，我选择力挺,4.0,2019-02-09 23:59:47,
牟人,福州,很好看    这部电影特效很不错   虽然我只看了半场,5.0,2019-02-09 23:59:46,2
雅奇雅奇,南京,好看，题材新颖,5.0,2019-02-09 23:59:46,
zwc8180,北京,真的很好，就是稍微有点虎头蛇尾，煽情再多一点点就更好了,4.5,2019-02-09 23:59:46,1
A     纪明全_,同安,好看，，，，。。,5.0,2019-02-09 23:59:44,1
C,苏州,最后一个泪点哭了 很好看啦,4.0,2019-02-09 23:59:39,2
ā,台山,怪不得有人说与《2012》是同一个类型，两者的共同点就是灾难片+一辆无敌的车 由于灾难片的缘故画面摇晃得让我有点眼睛疼 观影体验有些许差 但这是我个人的问题 整部影片看下来票价还是值的 我的泪点也被抓到了 特别是刘培强最后喊三二一的时候眼泪就止不住了 然后有一点想说的是影片故事里的团结精神还是有的 但是关于理科理论什么的 文科生就完全懵了 还是推荐观看,4.0,2019-02-09 23:59:39,2
生活仍在继续；,宜昌,好震撼，好夺目，好炫彩，感觉人生到达巅峰,5.0,2019-02-09 23:59:39,1
肖恩,昆明,好看，国产科幻片的新高度。,5.0,2019-02-09 23:59:36,
我就是孙大圣啊😜,石嘴山,满分👌希望好好珍惜地球🤗,5.0,2019-02-09 23:59:36,1
厌,淮安,很好看，超级感人。,5.0,2019-02-09 23:59:35,2
🍃🌸婧baby...💋,常州,真的是太好看了 全程一直盯着 没有一丝不好看的感觉 希望以后中国都能拍出这么好看的科幻片 笔芯,5.0,2019-02-09 23:59:35,
椰子蛋白帝王蟹,盘锦,剧情很好，我没看嘻嘻,5.0,2019-02-09 23:59:33,
噗通發不行,郴州,中国电影崛起 跟国际接轨 相信可以超过他们视觉冲击很强 剧情安排也合理 赞,5.0,2019-02-09 23:59:32,1
吴彦祖本祖,济宁,中国科幻片的希望,4.5,2019-02-09 23:59:30,1
🎀一米阳光🎀,大庆,开始不怎么好，后面挺感人的,4.5,2019-02-09 23:59:29,2
汪涛~阅朴,东阳,比星际穿越好看,5.0,2019-02-09 23:59:28,1
0°C,三明,好看， 值得一看,5.0,2019-02-09 23:59:26,
浅笑～,定州,好看，撼动人心,4.5,2019-02-09 23:59:23,2
茶画女💕,湘潭,不怎么好看 剧情不合情理  看睡着了 9.3分好评如何来的,0.5,2019-02-09 23:59:23,
M。😺,于都,电影效果很完美。剧情很好。,5.0,2019-02-09 23:59:22,2
JJYYSSDOOP,丰城,好看的很，不错,4.0,2019-02-09 23:59:20,
HL,普宁,所以看完了总结一下。这部片感觉是我看过国产片特效最好的，然后引入深思的背景和现实问题，确实是给我们带来一个警钟，所以珍惜时间。享受生命吧[捂脸]。,4.5,2019-02-09 23:59:19,1
十一灯二行,广州,太震撼啦！！无法用言语去表达！流浪地球这电影很有含义！,5.0,2019-02-09 23:59:18,1
qrf289690020,桂林,震撼人心，中国科幻片！,5.0,2019-02-09 23:59:17,2
小阿峰.💦,德惠市,1分都给多了,0.5,2019-02-09 23:59:17,
筱筱筱意外,合肥,好看，有泪点,5.0,2019-02-09 23:59:16,2
森林王子88888888,苍溪县,很好看，虽然特效方面略有欠缺，但整体效果确实很棒！赞一个！给个满分10分。,5.0,2019-02-09 23:59:15,1
晨儿459,于都,整体来说还好，一开始会有点无聊，后面心悬着，让我想到了球球大作战的游戏，哈哈哈😄,4.0,2019-02-09 23:59:14,2
观海神逸,佛山,很佩服想象力，国产科幻的里程碑,4.5,2019-02-09 23:59:13,1
Leslie,西安,电影很好看，中国也能拍出科幻大片了，拯救地球不是只有美国人。必须给刘慈欣点赞，期待能把《三体拍出来》,5.0,2019-02-09 23:59:13,2
周周,天门,特效可以，感情差点,5.0,2019-02-09 23:59:11,
火烈鸟,成都,好尴尬啊     特效演技          可能应为战狼二吧       这个感觉一般,2.5,2019-02-09 23:59:11,1
311,湘潭,看出来好莱坞大片的感觉👏 👏 👏,5.0,2019-02-09 23:59:11,1
A0露西🎸音乐培训 助理安娜,韶关,有点感人。比较科幻，有点难以想象,4.0,2019-02-09 23:59:11,2
苟春生,巴中,没有期望的那样好！,3.0,2019-02-09 23:59:09,
清欢.,合川,好看～好看好看,5.0,2019-02-09 23:59:09,2
莫行莫念°,舒城,电影后面挺震撼人心，前面部分有些无聊，加点喜剧效果就更好,4.5,2019-02-09 23:59:08,1
*小妮子,吴忠,很棒的电影可以出个2345什么的,5.0,2019-02-09 23:59:07,
linhui199300,东台,精彩！精彩！精彩！,5.0,2019-02-09 23:59:07,1
918星儿,南通,有一点点扯，但是特效不错,4.0,2019-02-09 23:59:07,2
ki招,湘潭,超级☺ ☺ ☺ 棒,5.0,2019-02-09 23:59:07,1
VRl336295143,桂林,国产科幻佳片,5.0,2019-02-09 23:59:07,
A 大虾,晋江市,很好看，剧情紧凑有条有理，看的哭了好几次,5.0,2019-02-09 23:59:07,
Angel3423,随州,特别震撼，后面特别感人。,5.0,2019-02-09 23:59:03,1
SWD417,深圳,我爱大刘 中国科幻需要我,4.5,2019-02-09 23:59:03,2
黎枭*,上海,太棒了，中国科幻片起来了，中国起来了！,5.0,2019-02-09 23:59:02,1
Mdd527465402,北海,剧情可以，很有意义,3.5,2019-02-09 23:59:01,1
3,郑州,吹爆！看就完事儿了！,5.0,2019-02-09 23:59:01,2
白,吴江,有点慢热，但是总体很好看！,4.5,2019-02-09 23:59:00,1
楚楚608,乌鲁木齐,中国科幻片正式因这部电影进入新的纪源。可以和美国大片相媲美了。,5.0,2019-02-09 23:58:59,
宝贝,乐平,很好看。全程都在认真看  剧情什么的都很好,5.0,2019-02-09 23:58:58,
半生缘7,亳州,刘培强和刘启的对话，很感人。强力推荐流浪地球！！！！剧情非常精彩！！用心的电影！,5.0,2019-02-09 23:58:57,1
英华汽修何,中山,感觉挺好的，改天有,5.0,2019-02-09 23:58:56,2
提子，李,聊城,活着真好，我爱地球，我爱我的父母,4.5,2019-02-09 23:58:56,
媛子586,昆明,感动，感动，感动,5.0,2019-02-09 23:58:55,2
朱小宪,霸州,震撼的视听奇观,5.0,2019-02-09 23:58:52,2
Miss丶往事,云阳,1000分的特效,4.5,2019-02-09 23:58:51,1
abalone_9394,深圳,实在太好看！,5.0,2019-02-09 23:58:50,1
原姿,天津,无论剧情还是特效都墙裂推荐,5.0,2019-02-09 23:58:49,2
♛ 趙 木 木,太原,好看好看好看,5.0,2019-02-09 23:58:49,1
zp,济南,感觉离科幻大片还有一段距离。。。。故事情节，演员表演尚需努力,3.5,2019-02-09 23:58:49,
木登大,扬州,非常好看，看到了国产电影的希望,5.0,2019-02-09 23:58:49,
奥斯卡小金人官方发奖者。,巴彦淖尔,特别燃！BGM简直不要太棒,5.0,2019-02-09 23:58:47,2
Hazel0726,成都,感觉一般，只能说特效不错，剧情较弱，没有代入感，看得想睡！,3.0,2019-02-09 23:58:45,
韩佳,上海,特别好看的电影，很震撼，也很让人感动～,5.0,2019-02-09 23:58:44,2
低吟的荒野,兰州,我真没看出来好在哪里,1.0,2019-02-09 23:58:44,1
鹤白,深圳,真好看，良心电影！！！,5.0,2019-02-09 23:58:43,1
娇婉,上海,男友哭了，很意外,5.0,2019-02-09 23:58:42,
觊宸,天津,泪目。亲人两行泪a,5.0,2019-02-09 23:58:42,
ciM569375897,汕头,让人感触很深的一部片子，不管在什么年代，希望真的是像钻石一样珍贵,5.0,2019-02-09 23:58:41,
rnl502695922,上海,剧情很好看！,4.5,2019-02-09 23:58:40,
造梦sir,咸阳,国产科幻电影的起步 剧情人物都很棒,5.0,2019-02-09 23:58:39,1
dGq714380704,电白,能让我哭的电影我都打五星,5.0,2019-02-09 23:58:39,1
一个人的华尔兹i,珠海,大年初三看的，初一看了星爷的新喜剧之王，感觉一般，不是特别突出但也没有过错，最喜欢看如梦跳广场舞的那几段，真的是美。初二看了外星人，没有想象中好，波澜不惊，剧情感觉有点臃肿，最后结尾也是没处理好，有点烂尾楼的样子。初三终于惊喜到我了，没想到中国也能拍出真呢好看的科幻片，真不错。,5.0,2019-02-09 23:58:38,1
一朵花开半夏凉,,很不错的科幻,4.5,2019-02-09 23:58:38,
年轻不是罪！,武汉,中国，电影就可以。,5.0,2019-02-09 23:58:36,
欧阳,汕头,看不懂。。。。。。,5.0,2019-02-09 23:58:34,1
AH.desertmoon,昆明,从不喜欢科幻类片子，各种影评的影响临时决定看看。想说，很棒！特效棒，很震撼！情结很中国，个人英雄主义集体英雄主义都有体现。豆瓣那么多各种吐槽的，如果换成是美国拍的呢？有评论说部分台词鸡肋，但看科幻片看到身边大多数人都能流泪，情节煽情也不能没有台词的煽情。想说，作为国产科幻，非常棒！期待国产的各类影片越来越好！,5.0,2019-02-09 23:58:34,
Li-大雄,深圳,超赞 看了两次,5.0,2019-02-09 23:58:33,1
银色黎明,银川,全程无尿点，脑子一直绷着弦,4.0,2019-02-09 23:58:33,1
小雅i273,瑞安,真的很好看。,5.0,2019-02-09 23:58:30,2
小丽98332,鞍山,非常好看，一部看了想哭的电影,5.0,2019-02-09 23:58:30,
A 默默殿下86,宁乡,好看(｡･ω･｡)ﾉ♡,5.0,2019-02-09 23:58:29,
sun,江津,对得起这分数，特效剧情方面都很到位。总之比新喜剧之王强。,5.0,2019-02-09 23:58:28,
Me屋檐,临沂,赚足眼泪的影片，值得一看,5.0,2019-02-09 23:58:25,
风车车,成都,总体来说是良心制作的好片子，剧情紧凑无尿点，特效精良。,4.5,2019-02-09 23:58:24,
AAA何生(新奇）,佛山,很好看....,5.0,2019-02-09 23:58:24,1
断魂鎖,台州,看了挺感动的,5.0,2019-02-09 23:58:22,1
gRo338010219,城固,国产科幻良心剧,4.5,2019-02-09 23:58:20,1
dchdfn,石家庄,剧本，画面，特效，配乐，配音，非常完美,5.0,2019-02-09 23:58:20,1
kAJ698742176,重庆,确实黑好看！,5.0,2019-02-09 23:58:18,
hbe276551123,铜仁,说的没什么电影主题，太单纯，剧情太单一没什么高潮金典桥段,2.5,2019-02-09 23:58:18,
肥鱼生活,上海,剧情一般，不如小说细腻，特效不错。,3.5,2019-02-09 23:58:17,
song🎀,玉林,特效不错，剧情有待加强 差点睡着了,3.0,2019-02-09 23:58:17,
jkJ440832867,邯郸,很棒，感觉中国式科幻更符合我的审美，比好莱坞好,5.0,2019-02-09 23:58:11,
LX12242,常州,特效给力  剧情垃圾到底是为了拯救地球还是为了拯救儿子？？听说儿子死了就要去休眠了  知道儿子还活着就要不顾一切去拯救  就你有儿子？你把指挥站的人置于何地？？军人的使命呢？？麻烦不要带有什么情怀好嘛！！一部拯救地球的应当激情澎湃的剧就不要搞什么父子情深释怀过去这样的老套戏路了好嘛？？？整部剧就王磊这个角色正常吧……,2.5,2019-02-09 23:58:05,2
darren84,龙游,演技不行，特效还可以,3.0,2019-02-09 23:58:05,
快乐肥宅     王子求🇪🇸,南昌,CG 特效 音乐都很震撼。世界观宏大，细节处理到位，应该是影片删减问题，有些地方衔接怪怪的，结局太仓促，感觉90分钟说不完这样一个故事，有点头重脚轻。,4.0,2019-02-09 23:58:02,
ZtR940822169,新乡,看了20分钟就看不下去了 虚假的灾难片一样没一点意思 春节适合看点喜剧的 这部片子总体就是看不懂,2.0,2019-02-09 23:58:02,2
zzz1234567,新余,国产第一次看到这么好的特效,5.0,2019-02-09 23:57:58,1
乐逸,瑞昌,很好看，國內第一科幻電影,5.0,2019-02-09 23:57:58,
时天明,汕头,很好，满分！,5.0,2019-02-09 23:57:58,
jingkunlove,天津,中国式大片，值得推荐,5.0,2019-02-09 23:57:58,2
起个名字特别烦,茂名,贺岁片票房最高，没期待中好看,3.0,2019-02-09 23:57:55,1
Odegreeis,南阳,现在中国已经强大  用巨资拍摄的流浪地球 很多地方都已经超越好莱坞标准。为中国骄傲，为中国军人骄傲。吴京一个用生命在做一个好的演员为我们带来优秀的作品，希望那些自以为流量花旦的小鲜肉学习一下 这就是偶像派与实力派的差别 支持 撒花撒花🌸,5.0,2019-02-09 23:57:55,
十年,晋城,太好看，给我看哭好几次。只是不喜欢最后的结局，太中国式了，每次这种电影结尾都会英雄来拯救世界，可是当我听到我后排男人在冷笑时，当我听到一个女人说不好看瞌睡时，当我隔壁一对情侣在电影院大声讲话半个小时时，我真的想说，英雄，如果你牺牲自己是为了救一群这样的人的话，我求你活着！一直特别想问的一个问题是，人类真的觉得地球可以活很久吗？就没有人担心电影里的一幕是早晚出现的场景吗？区别只是在于早晚而已，是在你这一代，还是在你曾孙子那一代，或者更晚一点，只是真的不会太久了。小时候看电视觉得电视都是编的，是假的，长大以后才发现即使在不可思议的剧情都是真实存在的。所以，你觉得地球毁灭，人类绝种，真的不会发生吗？,5.0,2019-02-09 23:57:55,2
AAA  哚啦啦人像摄影周帅,德州,贺岁片里最值得一看的电影！全程有看点,5.0,2019-02-09 23:57:54,1
清秋小Y,衡阳,很不错，相对春节另外几部已经很好了,5.0,2019-02-09 23:57:52,2
🐷慧🐷,潜江,具有中国特色的科幻片大片，我大中国也有自己口碑不错的科幻片大片了，不像老外的片子全是个人英雄主义，我们大中国就是不同，有大爱救世界都是共同协力去拯救世界，很棒的片子，必须力挺！,5.0,2019-02-09 23:57:51,
阿刁,郑州,挺不错，imax真舒服呀。,4.5,2019-02-09 23:57:51,1
蓝桉,襄阳,只要还活着，就有希望,5.0,2019-02-09 23:57:50,1
wCI231459630,深圳,不错，拍摄画面效果不错,5.0,2019-02-09 23:57:49,
GBl353765543,兰州,在特殊年代一个二杆子来拯救地球，可笑啊。细节经不起推敲，人物性格不讨喜,2.0,2019-02-09 23:57:48,
吴太太,烟台,支持吴京，老吴家的,5.0,2019-02-09 23:57:48,
🍒゜、 ❀飛奔的毛毛蟲,渭南,电影不错，很震撼。3D效果应该会更好看,5.0,2019-02-09 23:57:48,2
大海,荥阳,故事讲的很一般，很多画面都很幼稚，不知道这么高评分是哪里来的，绝对是炒作，水军把分台高了,1.5,2019-02-09 23:57:48,1
【杰鑫普宁豆干粿肉店】,惠州,特技效果不错,5.0,2019-02-09 23:57:47,1
木桃悸,重庆,燃，感动，没看过原著，但确实中途泪奔了好几场,5.0,2019-02-09 23:57:46,2
该用户名为空.,新蔡,没什么说的，他对得起中国首部科幻片的称号,4.5,2019-02-09 23:57:45,1
If,新昌,特效炸裂，剧情一般最后挺感人的,4.5,2019-02-09 23:57:45,1
ZM&S（琪凯专业烫染）,南阳,很好快，值得推荐！跟美国大片一样的！棒棒棒！加油！,5.0,2019-02-09 23:57:45,1
向昱,孝感,牛逼，不会比国外最好的差,5.0,2019-02-09 23:57:43,1
恩戒大师,青岛,非常棒，不比国外的差,5.0,2019-02-09 23:57:43,1
。。。,漳州,挺好的多拍点这中片子吧,4.5,2019-02-09 23:57:41,
、王小贱,凉山,非常棒，值得看，推荐,5.0,2019-02-09 23:57:40,
大米XIII,北京,刚从电影院出来 中国终于能拍出如此牛逼的硬科幻了 对吴京路转粉 对有生之年能看到三体电影有了期待,5.0,2019-02-09 23:57:40,
风起了,阜阳,很棒！电影的主体宗旨清晰明了！,4.5,2019-02-09 23:57:39,
寇封,庆阳,终于有能看的国产科幻片了！中国科幻，继续加油！,4.5,2019-02-09 23:57:38,1
燕子(小毛饰品),宜兴,作为国产科幻片已经拍了好莱坞大片的效果,5.0,2019-02-09 23:57:37,2
YAl35822986,太原,中国科幻片真的是太强了，好看，非常推荐去看,5.0,2019-02-09 23:57:35,
闭关修炼的大嘟嘟,达州,好看，安利。,5.0,2019-02-09 23:57:34,
mmxxqqll,成都,这个真不晓得哪里来的超级好的吹捧……我们两个人都觉得难看，特效超级难，剧情也难……刘启全程耍帅……拯救地球靠一个初中生一群门外汉？牛逼的,0.5,2019-02-09 23:57:33,
西安YUAN摄影后期机构,西安,"看完《流浪地球》跟自己的预期稍微有点差距,主要还是剧情部分，整体特效还OK!",3.5,2019-02-09 23:57:33,1
小马斯 Max,广州,刚刚看了一下差评很想知道为什么会有差评，看了几百条终于知道为什么有了，原来没文化的人看电影 是看不懂的........,5.0,2019-02-09 23:57:33,1
GYm616544505,阳泉,非常非常好看，剧情紧凑，故事完整，人物表演细腻，这部影片让我体会到人类的伟大与渺小。,4.5,2019-02-09 23:57:32,
_夯夯夯夯大力🤘,成都,中国科幻电影的新时代,5.0,2019-02-09 23:57:30,
꧁佳妮꧂¹³³⁸²¹⁷⁸⁶⁷⁰,上海,三弟变二弟不说，剧情不咋地用煽情还扇的不咋地，真的有点不好看。,0.5,2019-02-09 23:57:26,
信仰🍃,资阳,很感人    对年轻人有好处,5.0,2019-02-09 23:57:26,1
小蔡,石狮,好看，好看，真好看。,5.0,2019-02-09 23:57:25,1
A波波,南宁,看过最好看的中国电影，画面，剧情都好看，比漫威好看，有想法和我一样的吗？,5.0,2019-02-09 23:57:25,
仰望辉煌682,怀化,可以啊。！！,4.5,2019-02-09 23:57:24,1
...,资兴市,影片效果很好,3.5,2019-02-09 23:57:20,
还是当年那少年！,合川,最好看三D的，看四D摇得我脑壳痛…,5.0,2019-02-09 23:57:19,1
OiH409403266,上海,我以为五毛特效，结果还行啊哈哈哈。父子剧情也还可以，里面雷佳音印象挺深的。主要是书写的好。,4.0,2019-02-09 23:57:18,
D,惠州,真的好看，真心推荐,5.0,2019-02-09 23:57:17,1
_qqvw21404630618,,挺好看 支持国产,5.0,2019-02-09 23:57:12,2
黄金小灰,贵港,什么玩意儿？,0.5,2019-02-09 23:57:12,1
L.G.T,龙口,不错值得一看，保护地球吧,5.0,2019-02-09 23:57:12,1
kdX262387664,永城,国产电影不错的的科幻电影,5.0,2019-02-09 23:57:09,1
袁丨迦,广州,如果以诺兰大神的星际穿越作为科幻片十分神作，那么流浪地球称得上目前中国太空科幻题材的最高标杆，综合评分打出8～8.5分，希望中国电影越来越优秀。,4.5,2019-02-09 23:57:09,
燕子,岳阳,影片还可以吧,4.5,2019-02-09 23:57:06,
小圆子,湛江,一部超级棒的国产科幻电影，题材很新颖，剧情精彩，特效超赞，演技到位。把地球推离太阳系，这样的科幻题材真的是前所未有，希望国产科幻电影能借此崛起。,5.0,2019-02-09 23:57:05,1
张晖,成都,航空母舰、隐形飞机、量子卫星、港洙澳大桥…我们都能造，拍出这样儿的电影作品也是顺理成章的事情!,5.0,2019-02-09 23:57:05,1
抱怨个屁，,保定,没看懂是啥意思,5.0,2019-02-09 23:57:05,
爱啃黎,桂林,好看，谁说中国科幻无望,5.0,2019-02-09 23:57:03,2
仙,宜宾,超好看的！有点泪点,5.0,2019-02-09 23:57:02,2
哈吧哈吧猪,阿拉善盟,挺不错的，支持国产电影,5.0,2019-02-09 23:57:01,
MiracleDennis007,上海,燃……纪念中国科幻片元年,5.0,2019-02-09 23:57:00,
王海,晋城,刺激，好看，震撼,5.0,2019-02-09 23:57:00,
SuperLarry,深圳,先说好的方面，虽然因为节省成本画面飘的快有些晃眼，总体比早前那些国产烂片好太多。剧情很多不合理的地方，既然是科幻片，逻辑上很多明显漏洞是不可取的。譬如，李一一就随意修改关系几十亿生命的发动机，那不是和普通人可以开启核按钮一样？三十万吨燃料可以将引爆范围增加5000公里？太空宇航员一个酒瓶子烧掉摄像头就意味着解除了AI？还有很多类似的。不是喷，而是觉得本可以做的更好。人物设定有点点莫名其妙，很多人感觉不是很有存在价值，可能是为了带红这些小鲜肉？或者故意加感情戏。其实少一些感情戏，把拯救地球故事讲好已经很丰盈了。剧情张弛无度，最紧张的时刻，还在做情感铺垫，浪费了高潮。,3.0,2019-02-09 23:56:59,1
冲凉房歌王,佛山,支持🇨🇳大片,5.0,2019-02-09 23:56:58,1
心尘,柘荣,第一次能让我产生震撼的中国科幻电影,5.0,2019-02-09 23:56:56,
芒果控。,深圳,国产科幻片能拍很这好，真的很不错，奶思，跟国外差不多。国产片加油。,5.0,2019-02-09 23:56:56,2
火锅仙女🍲,东港,好看，但是贺岁档看这个片是不是太过于悲伤😂哭死我了,5.0,2019-02-09 23:56:55,
leftyesterday,孝感,支持京哥，流浪地球，这不说中文，还真以为是好莱坞大片,5.0,2019-02-09 23:56:55,1
X吸血僵尸X,上海,购买电影票，有事！没看电影！,0.0,2019-02-09 23:56:55,
蔚蓝海岸,老河口,一般般吧，没有战狼好看，是冲着吴京去看的电影,3.5,2019-02-09 23:56:53,
【奮鬥】,株洲,特技方面对于国产来说确实是个很大的提升，前所未有啊，剧情和细节方面还有所欠缺，那么大一个空间站人呢？,3.5,2019-02-09 23:56:51,1
_qq4dh1348019424,资阳,大出意外，太过惊喜，中国电影能拍出如此的高度，强烈建议大家去看！！,5.0,2019-02-09 23:56:49,
刘克俭,厦门,看到中国科幻电影的进步。,4.0,2019-02-09 23:56:49,1
CBai1125,鄂尔多斯,目不转睛，好片子,4.5,2019-02-09 23:56:48,
车祥旭lbj,吉林,国产科幻电影能拍成这个效果已经很好了，难得。,5.0,2019-02-09 23:56:48,
舍 得,通化,烂片中的烂片,0.5,2019-02-09 23:56:45,1
知足常乐,六安,不得不说，这是我看过的特效最好的国产电影，给我的感觉很震撼，尤其是各国救援人员团结一心，共度患难的那一幕，瞬间泪崩。真心期待全世界人民可以消除隔阂，融洽相处，共同为绿色健康发展而奋斗，虽然目前看起来不可能。希望国产电影越来越好，世界人民大团结！,5.0,2019-02-09 23:56:45,
John_虚,天津,中国科幻元年，可以,4.5,2019-02-09 23:56:43,1
💋內小🐎叔叔🙋🏼,佛山,我不是很懂为什么会有9.3，朋友圈一堆好评 ，是有泪点，刘慈欣的科幻也确实没的说，但就电影效果来看，我觉得情节单调，能猜到结局，没什么耐心看完，缺少吸引力，不太粉男女主。看人吧，我觉得40多块钱不值得。,2.0,2019-02-09 23:56:41,
关先生,辽阳,效果超棒！！！,5.0,2019-02-09 23:56:41,1
春风+里,昆山,好看，很震撼,5.0,2019-02-09 23:56:40,1
抠抠和们扪,大丰,太牛逼了！炸裂了！,5.0,2019-02-09 23:56:40,
乔木乔木桥,仙游县,中国科幻的开篇之战,4.5,2019-02-09 23:56:39,1
🍃ღRozizi೨,广州,特效还不错 就是那个演员对白编剧你是不是有有点毁电影高大上的特效了……那个远镜头看地球远行的时候应该加个适当的音乐烘托气氛绝对能让观众嗨起来最好延长点点时间让观众有点小惊喜就好了,3.5,2019-02-09 23:56:38,
美好时光-（卢刚）,毕节,不错的一部科幻片,5.0,2019-02-09 23:56:35,1
园园的太阳,营口,良心国产电影 值得票房,5.0,2019-02-09 23:56:34,1
ddN307369077,成都,中国电影的又一里程碑！！超赞，中国强！！,5.0,2019-02-09 23:56:33,
Aa天妒小苗、,高碑店,纯属诈骗这片。噱头就是吴京，其实这片根本没吴京什么事儿，那几个小孩才是主演。就科幻效果来说还可以，但是这根本就不叫个片啊。都是为了看雷佳音，吴京。看了才知道，他俩是客串的，根本没他俩什么事儿。如果再没有李光洁，这个片就真彻底没救了。这片票房越高，说明观众素质越低，出品方诈骗越严重！,0.5,2019-02-09 23:56:33,1
yunny&yummy,宁波,完全不输于好莱坞大片的中国电影，场面真实又感人，震撼又刺激！人类的希望是什么，朵朵的最后呼救说的催人泪下！,5.0,2019-02-09 23:56:32,2
iUb592166475,韶关,国产科幻片加油！剧本写得真好！,5.0,2019-02-09 23:56:32,1
李健18931169195,石家庄,这9.5分给影片的，主要是影院夹片3d眼镜居然没有了！戴两个眼镜看全程不爽，服务员还理直气壮没有了！你开门做生意硬件都做不好还好意思说,4.5,2019-02-09 23:56:31,1
蔡玲,天门,比想像中好的多。太棒了,5.0,2019-02-09 23:56:31,2
叁贰壹,河池,值得一看，速度购票,5.0,2019-02-09 23:56:30,1
WxQ2860061,桐庐,感觉一般般，没有特别的情节让我激情澎湃，或感动,3.0,2019-02-09 23:56:30,
Yvr286677159,扶沟,理智上给八分，可是作为一名中国观众能看到属于中文的工业科幻电影，怎么能让我理智？,5.0,2019-02-09 23:56:30,
aXK113031904,成都,很不错值得去看看,5.0,2019-02-09 23:56:27,2
pJw570367257,太原,国产最好科幻片，没有之一。,5.0,2019-02-09 23:56:27,
破茧吟风,襄阳,很棒，值得一看,4.5,2019-02-09 23:56:27,2
好吃的瑶瑶,武汉,全程无尿点，非常震撼，国内科幻电影的里程碑！,4.5,2019-02-09 23:56:27,
SNOWR,满洲里,总觉得中国科幻有种不可名状的滑稽感，很用力了吧但还是很滑稽，用二人转的方式演一部莎翁剧，简直莫名其妙。特效也很差，镜头毫无美感，对白充满了形式主义，就连名字都不好好起，李一一，韩朵朵，刘户口，老何，除了**能用点心不？战狼可以的，过年了点个木星庆祝，厉害厉害，一颗星不能再多了。,0.5,2019-02-09 23:56:25,
破晓,咸阳,诚意满满的国产科幻电影！希望这是中国电影走向高质量的一个起点！💪🏻,5.0,2019-02-09 23:56:23,
年輕在於折騰,长春,垃圾中的垃圾,0.5,2019-02-09 23:56:23,1
天瀑376,上虞,什么脑子想出来的？!太天马行空了，牛啊！一家人看了，直到看完才有了尿点。国人需要这样的题材，需要有未来的世界效果。不能再表扬了，我都开始骄傲了！,5.0,2019-02-09 23:56:21,1
GD鸡拽跟,长寿,挺好看的 还有点小感人 很科幻,3.5,2019-02-09 23:56:21,
没人不在,南昌,很好看哟 标超喜欢,4.5,2019-02-09 23:56:19,2
常小龙,呼和浩特,很精彩，有点感动，视觉效果不错,4.5,2019-02-09 23:56:17,1
哈哈哈耶哈哈哈,安康,国产科技片，好评，值得一看,5.0,2019-02-09 23:56:15,
小可爱,永新,几年来，看过感触最深的一部电影，很刺激却也很感动,5.0,2019-02-09 23:56:15,2
范范2624,苏州,震撼，除了震撼还是震撼，吴京加油，国产科幻加油，中国加油！！！,5.0,2019-02-09 23:56:14,1
柒月。,雅安,很有感触！力挺！,5.0,2019-02-09 23:56:14,
sRZ611968510,芜湖,看完有种三体的即视感，刘慈欣的原著改编必须支持,5.0,2019-02-09 23:56:11,
mqzxm,金华,还不错  喜欢吴京,4.5,2019-02-09 23:56:11,
WEN8139,乐东,个人感觉真不好看！,2.5,2019-02-09 23:56:10,
Sunbeam99,建湖,不好看不好看,2.5,2019-02-09 23:56:10,2
小海UU,化州,非常好看，值得推荐,5.0,2019-02-09 23:56:06,1
有梦就去追💍,赤峰,这部拯救世界的大片很好看👀，推荐一下,5.0,2019-02-09 23:56:05,2
肖肖,张家界,很好的一部电影，泪点好多哦！触动人心,5.0,2019-02-09 23:56:05,
eFj539581324,中山,都是搬运工，为何要用枪🤔,4.0,2019-02-09 23:56:05,
FRJ961243501,青岛,过瘾，过瘾，过瘾,5.0,2019-02-09 23:56:04,
Tzd345503281,连云港,电影很好看，中国人牛。,4.5,2019-02-09 23:56:03,
周有华,兰州,值得看的好影视,5.0,2019-02-09 23:56:01,2
SOi657066846,乌鲁木齐,值得一看的电影！大国的担当👍,4.0,2019-02-09 23:56:01,
fifgther,北京,在中国来说真的不错了,5.0,2019-02-09 23:56:00,1
何可人229,长沙,这才是飞驰的人生,4.5,2019-02-09 23:56:00,
A做最好的自己,隆尧,好看好看好看极了,5.0,2019-02-09 23:55:59,2
绵绵,榆林,中国鲜少拍科幻片，这一部虽说不是十全十美，但不可否认有很多可圈可点的地方，比如题材、特效制作还有配乐等等。总的来说值得一看。,4.5,2019-02-09 23:55:58,2
明,顺德,好看好看好看,5.0,2019-02-09 23:55:58,
swag,垦利,有些人总是觉得有时候国人给自己电影打分低，但我觉得有时候真的是电影本身自己有问题，我相信看完这部电影的没有一个不会觉得不牛逼的！特效一直是中国电影重要问题之一，但是《流浪地球》给了我极大的视觉震撼！这部电影绝对是中国科幻电影史的里程碑，19年将是中国的科幻电影元年！感谢《流浪地球》给我的极致享受！强力推荐！！！,5.0,2019-02-09 23:55:58,
vvv蔚然,昆明,只能说特效好，故事和演技还有台词真的一般,3.5,2019-02-09 23:55:57,
台风,海城,中国科幻电影有史以来最好的,5.0,2019-02-09 23:55:56,1
tia24,深圳,挺不错的，还阔以,5.0,2019-02-09 23:55:54,
花沫忆失忆,开州区,女主角如果不一直喊救命就好看多了。,2.5,2019-02-09 23:55:53,1
BAe983368702,兰州,制作非常棒，有很深的意义，我认为值得一看,5.0,2019-02-09 23:55:52,
汉子i,蚌埠,好看太好看了,5.0,2019-02-09 23:55:52,
Mr.lu93,韶关,看得太爽了,5.0,2019-02-09 23:55:47,1
华昌PVC软胶厂张生13650115600,鹰潭,影片好看，影院空氣質素差都不得了，真是要带氧氣,3.5,2019-02-09 23:55:45,1
UlV866284706,沈阳,好看，很好看,5.0,2019-02-09 23:55:45,
正在拼命的加载中,惠州,很震撼的故事,5.0,2019-02-09 23:55:45,1
沧海剑雨轩,重庆,中国第一部堪比好莱坞的科幻大片，尽管在情节、台词等方面还有很多“中国特色”的东西但是值得一看。,4.5,2019-02-09 23:55:42,1
You scared me.,长垣,感觉马上就要发生一样，太震撼人心了，值得一看,4.5,2019-02-09 23:55:41,1
Hn ',福安,虽然题材新颖但剧情拖沓前面一个小时看的犯困，后面的特效还不错，还有待提升。,3.5,2019-02-09 23:55:38,1
Mike Lin,珠海,一般，被删太多，都怪广电局,2.5,2019-02-09 23:55:37,
毅.哥🍼,三台县,特别好看，剧情一点都不拉稀摆带，很值得一看，支持国产电影,5.0,2019-02-09 23:55:36,2
陈阳（Ralf&Sunny）,抚顺,很荣幸自己曾是一名汽车修理工，因为汽车修理工很有可能拯救地球🌍！很值得一看的国产电影，确实各个方面都可以叫板好莱坞电影、尤其特效方面绝对的突破，很自然很完美！格局很高！,5.0,2019-02-09 23:55:35,1
咸汤圆,乐山,不错，值得大家去看！,5.0,2019-02-09 23:55:34,
懒洋洋,石家庄,场面很宏大！！！,5.0,2019-02-09 23:55:33,1
小茉莉啦啦啦,盘锦,给我看睡着了,2.0,2019-02-09 23:55:31,
黄正东。。,亳州,流浪地球确实值得一看,5.0,2019-02-09 23:55:29,
๑源梦๑,北京,很不错 挺震撼的 就是看得脑瓜有点疼 可能声音太大了 后面的那位一出来就说晕  电影怪感人的,5.0,2019-02-09 23:55:29,2
qio786986432大壮,孝感,只有责任才有希望,5.0,2019-02-09 23:55:28,
風輕雲淡,万州,总体而言还行吧，毕竟国产特效这块儿还是有点短缺，还有就是剧情逻辑有一点乱，刚刚还在上海马上就到菲律宾了。,3.5,2019-02-09 23:55:26,
EFq508835582,温州,特效制作不错，就是演员演这些科幻总感觉怪怪的,4.0,2019-02-09 23:55:25,1
A、筱志乄,泗县,效果很刺激   内容也很励志,5.0,2019-02-09 23:55:22,1
Kirito,亳州,国产科幻电影之巅,5.0,2019-02-09 23:55:21,1
bvn236786246,隆昌市,很震撼，中国科幻类   第一部！,5.0,2019-02-09 23:55:21,1
鬼肆,合肥,特效很棒两位年轻演员演技还行,4.5,2019-02-09 23:55:21,
hnh340037089,重庆,煽情少点刘更好了。,5.0,2019-02-09 23:55:20,
🌹🍭玫玫🍭🌹,东莞,不错，刺激，，，，,5.0,2019-02-09 23:55:19,2
BLz821858832,昌吉,震撼。又感人。良心之作！,5.0,2019-02-09 23:55:19,
HVq299015302,宁波,震撼！中国目前最好看的科幻大片！,5.0,2019-02-09 23:55:19,
cTe512824429,张家口,虽然没太看懂，但是很震撼，值10分,5.0,2019-02-09 23:55:18,2
。,张家口,真的炫酷啊，没有小鲜肉把钱都用在特效上，中华国也能拍出好莱坞级别的大片,5.0,2019-02-09 23:55:18,1
SpringSea911,巨野,很不错的电影，特效好莱坞级别，更加适合男生观看！！！,4.5,2019-02-09 23:55:15,1
_qqh681434946832,伊川,不多说了，就俩字，激动,5.0,2019-02-09 23:55:15,1
CJ,成都,"超出预期,希望中国科幻越来越棒",4.0,2019-02-09 23:55:11,1
嘟帅,溧水区,最后的情节让人感动，虽然不是非常清晰，但是开启了国内科幻电影的高潮。,4.5,2019-02-09 23:55:10,1
Lovely小灰灰灰,南宁,真的很好看，以前看都是美国拯救地球，现在终于有中国拯救世界了，大赞👍！！！,5.0,2019-02-09 23:55:08,
小冲冲LC,江门,这部是感情片吧，20年后的我们还开这样车，无人驾驶都开始了吧，还在这样人文环境生活？技术这么垃圾？？还计算错了木星轨道问题？那我还算了呆在原来地球轨道被太阳吞了吧。,0.5,2019-02-09 23:55:07,1
A段梦帅,深圳,真的太棒的电影，震撼不仅仅是画面的渲染，而是全人类同心协力完成的这一前所未有的壮举！流浪不是绝望的妥协，而是新生活希望的奋进😏😏真的很棒。,5.0,2019-02-09 23:55:07,1
snv692929094,顺德,世界级的大片，中国人的骄傲！,5.0,2019-02-09 23:55:04,
世界上C罗的另一个附体,济源,太棒了！太棒了！666！太牛逼了。我是谁？罗牛逼。,5.0,2019-02-09 23:55:04,1
海上的明月,临澧,超级棒超级棒,4.5,2019-02-09 23:55:04,
陈诺,宁德,中国好莱坞大片,5.0,2019-02-09 23:55:04,1
花花,定西,大力支持国产电影,5.0,2019-02-09 23:55:03,2
微笑0403,宣威,真的很震撼，孩子们看得静静有味，看完以后一直各种我们不能解答的问题随之而来。,5.0,2019-02-09 23:55:03,2
川,江津,中国也能拍科幻大片，很好。而且题材选得好,4.5,2019-02-09 23:55:01,
LLC412971067,南部县,好看，特别好看😊,4.5,2019-02-09 23:55:01,2
oXF496816525,晋城,听说评分快下去了，本来想打8分，算了一星人太多了平衡下,5.0,2019-02-09 23:55:00,
潮长,临沧,剧情很到位！特喜欢电影里的BGM！总之，《流浪地球》电影团队的付出一定能得到回报！中国的科幻电影一定能崛起！,5.0,2019-02-09 23:55:00,
伍贰柒,江阴,中国第一部高水准科幻电影。题材内容效果非常棒！值得一看！,5.0,2019-02-09 23:54:59,1
VOD997866197,漳浦,还可以吧，整体看完比想的差一些。,4.0,2019-02-09 23:54:57,
成晨,成都,很一般的电影，评分炒作…………,0.5,2019-02-09 23:54:57,
zUl762728068,淄博,场面震撼，看到熟悉的地名和兰州拉面等中国元素特别亲切故事情节紧凑，全称跌宕起伏，扣人心弦，值得推荐，力挺中国式科幻大片!,5.0,2019-02-09 23:54:55,1
薛定谔的猫,宜宾,感动…… 慨叹中国电影的进步……也感慨人活下去的不易……,5.0,2019-02-09 23:54:53,
雾凇forever,南京,看着看着睡着了，醒来后从吴孟达饰演的角色牺牲附近看起，后面感觉还可以。点燃空间站，木星被点燃到冲击波返回地球，这两段应有更多震撼镜头，可惜非常少。,4.0,2019-02-09 23:54:53,
女王0727,上饶,棒棒哒！棒棒哒！,5.0,2019-02-09 23:54:53,
果爸贝爱,襄阳,和咱们自己的科幻片比，已经进步很大了,4.0,2019-02-09 23:54:52,
出离,西安,不靠明星流量热点，真正好的电影才是中国电影之光。好看～,5.0,2019-02-09 23:54:50,2
tpg606429312,高州,剧情紧凑，场面恢宏，绝对的良心之作。,5.0,2019-02-09 23:54:50,
KWON🍓,电白,超级好看！看哭了两次,5.0,2019-02-09 23:54:50,
王衿,义乌,太好看了震撼不看后悔一生我电影院没给我钱我不是拖😂 😂 😂 😂,5.0,2019-02-09 23:54:49,
行者Onepiece,南通,效果很震撼，里程碑！！！！,5.0,2019-02-09 23:54:49,1
李洁松,荆州,感觉很好，中国的科幻进步很大,4.5,2019-02-09 23:54:48,
_weixin851406274,沈阳,好看。不是敷衍,5.0,2019-02-09 23:54:47,
考不到500分不换网名,宜宾,特效很好，后面真的能看哭人,4.5,2019-02-09 23:54:47,
小呆0627,北京,故事很紧凑，很不错。 也有泪点，就是人太多了,4.0,2019-02-09 23:54:45,1
Dayu1666,北京,物理化学不好的看不懂，物理化学太好的好多剧情不合理！,4.0,2019-02-09 23:54:45,1
Jean三味酥屋,于都,一般吧，就那样,2.5,2019-02-09 23:54:44,2
沈三一€,长沙,非常棒的国产电影了🎬支持,5.0,2019-02-09 23:54:43,2
时光·礼美妆＊化妆总监Jenna,莱阳,虽特效牛x，场景震撼，但味如嚼蜡，毫无代入感，一口一个**的，表达激动也不用说脏话吧…教坏小孩子……4全给特效。,2.0,2019-02-09 23:54:43,2
老虎,涪陵,好看的大片，觉得比国外很多电影都拍得好,5.0,2019-02-09 23:54:42,1
最真的夢,佳木斯,很好，非常震撼,5.0,2019-02-09 23:54:41,
liz_荔枝儿🍉,景德镇,为什么我看着睡着了！剧情半部分男朋友讲解了！每次看带眼镜的电影配着科技或者打架的剧情莫名其妙要打瞌睡！,2.5,2019-02-09 23:54:41,2
野草,湘潭,不错的一部电影。,4.5,2019-02-09 23:54:40,2
敏熙金,德阳,好看，特效也好，不过，旁边的小孩，好烦人啊，,5.0,2019-02-09 23:54:39,
A.治愈系仙女,长春,特效还是不错的，但是没有让人回味的感觉……嗯有点小失望,2.5,2019-02-09 23:54:39,2
武斌,乌兰察布,支持国产，我们也有特效很棒的科幻电影了，脑洞太大，年轻演员演技还是太差，那汽车设计的真不错,4.5,2019-02-09 23:54:38,1
张先生,重庆,我是来混经验的，还可以,5.0,2019-02-09 23:54:38,
tiger老虎tiger,兰州,值得一看 中国自主拍摄的科幻片 能达到这种效果 真的不错,5.0,2019-02-09 23:54:37,1
方圆几里,宣威,真心棒！很好看,5.0,2019-02-09 23:54:37,2
阿万,潜江,概念物理真的好，特效很好，这是中国科幻片的起点,5.0,2019-02-09 23:54:36,2
※天与地※,重庆,值得一看，点赞👍👍,4.5,2019-02-09 23:54:34,
紫藤💋 木子💋 工艺,永州,主题很好，第一次看到拍得这么好的中国科幻电影！,5.0,2019-02-09 23:54:34,
Charlene,青岛,很震撼，难得拍出这样棒的视觉效果,5.0,2019-02-09 23:54:33,2
转眼间。,英德,特效可以，情景有待加强。,2.5,2019-02-09 23:54:32,2
敏,北京,第二遍了，依然好看,5.0,2019-02-09 23:54:31,
赵菁（Janice）,北京,文学剧本的架构很宏大，为故事改编和再创作提供了良好基础，但故事节奏稍显缓慢，情节跌宕不足。特效不错，展现出硬科幻的视觉冲击力。人物塑造偏群体化，有别于好莱坞的个人英雄主义，正因为如此导致人物塑造并不鲜明。结尾打磨稍显粗糙，总体不错，符合预期。,4.0,2019-02-09 23:54:31,
奔跑的皮皮虾,攀枝花,除了特效 除了模仿《星际穿越》的角色 毫无剧情可言 垃圾,0.5,2019-02-09 23:54:30,
崩塌的信仰,深圳,这部局他精才了。太好看了。厉害了,5.0,2019-02-09 23:54:29,1
CEe511417353,宝应,五分是给国产电影特效，其他剧情、人物一塌糊涂，这是在糊弄观众的智商吗？当然，抱着娱乐以及过年无所事事的态度去看就可以了，另外这么高的评分哪来的，很期待。,2.5,2019-02-09 23:54:28,1
zj893511946,贵阳,作为中国的科幻电影很棒！很精彩！故事叙事很好，特效很棒,5.0,2019-02-09 23:54:25,
Always°,酉阳土家族苗族自治县,中国人拍出的，自豪👍 👍 👍 👏 👏 👏,5.0,2019-02-09 23:54:25,
华嘉美业17693817999,海门,国产科幻片要崛起了，流浪地球顶起来，国产,5.0,2019-02-09 23:54:25,
尹翔,成都,很好看，自我觉得比一些外国科幻片好看,4.5,2019-02-09 23:54:24,1
Mobbb,桐乡,特效很给力，就是感情戏太多了，太多就消费过度了,4.5,2019-02-09 23:54:23,1
高子,介休,Nice 很不错,5.0,2019-02-09 23:54:22,1
刘管家,长春,非常热闹 特效不错 故事逻辑上有漏洞,5.0,2019-02-09 23:54:21,1
宾🔥 都,湘潭,对整体剧情，视觉角度，来说都是极好的，特效稍显不足，但也算是国内电影特效的上品。唯二感觉不好的地方在于刘启在救援任务中对队长的攻击动作，在流浪地球计划推行下成长的一代，应该明白发动机对人类的意义，有些突兀不合理，其次是韩朵朵最后的救援广播，确实有点煽情，但出于时间的考虑，这段广播废话太多，在全球震动的情况下，设备可能随时断线，应该直接说任务情况，首次广播也没有说任何任务细节，只说执行最后的救援任务，在大家都绝望的情况下谁会回头帮忙？其他都是上乘之作,5.0,2019-02-09 23:54:20,1
K💦,深圳,非常好看的电影 我们4个男人去看的 感慨万分,5.0,2019-02-09 23:54:18,1
A ღngel.奶茶,广元,无比震撼，吴京的电影从来没让人失望过！值得一看！年初最佳推荐！,5.0,2019-02-09 23:54:17,2
周子262,惠东,大场面！大制作！值得一,5.0,2019-02-09 23:54:17,1
月光下的猫骨朵,银川,带老公完成二刷。世界还会是这样的，未来还会是这样的，amazing,5.0,2019-02-09 23:54:16,2
GFH480930223,永州,不错(≧∇≦*)支持国产电影,5.0,2019-02-09 23:54:15,
Kwd915521107,梧州,中国值得推崇的一部片❤️,5.0,2019-02-09 23:54:14,
Mr.【Z】,上海,国产片也能拍出这样已经很不错了,5.0,2019-02-09 23:54:12,1
·四夕丸子·,十堰,特效是真的不错…可是太讨厌男主了！非一般讨厌可能我还是适合喜剧片！逗自己乐呵乐呵得了…,2.5,2019-02-09 23:54:11,
margaret,镇江,非常精彩，中国能拍出这么好的电影，很棒！,4.5,2019-02-09 23:54:11,2
Kcg631032157,清远,推荐，道路千万条，安全第一条，行车不规范，亲人两行泪。,4.5,2019-02-09 23:54:10,
KkI245229315,郑州,还不错，惊叹国产的3d效果比想象的好很多。而且也很喜欢吴京。,5.0,2019-02-09 23:54:08,
這樣陌生 、,淮南,不错，不错，味道好极了,5.0,2019-02-09 23:54:07,1
梦之灵,连云港,超级好看，特效很棒,5.0,2019-02-09 23:54:06,
花钿真菜,呼和浩特,首先得夸一下特效，特效真的特别棒。全片有中国特色的讨喜元素很多，我觉得也挺好的，但也确实造成剧情上有一定的拖沓和不合理，人物设定和剧情上的小细节我也看的说了。。。。剧尾剪辑的太乱，情感不能完全代入，没有释放时间，作为科幻片紧张感也差一点感觉。总之瑕不掩瑜吧，作为贺岁片我真的觉得挺不错的，影院人也挺多，还是建议去看看的。,3.5,2019-02-09 23:54:06,2
稳稳的幸福24266,阜阳,虽然开头的叛逆熊孩子讨人厌，可是后期的改变也是显而易见的。反正我觉得挺好看，刺激，激动，感动,4.5,2019-02-09 23:54:05,2
👑,河池,额，表示有点看不懂,5.0,2019-02-09 23:54:05,
lQk744226415,南京,超级好看，目前国内最好看的特效电影，放在好莱坞都是首屈一指的,4.5,2019-02-09 23:54:05,
右右,常德,题材很好，是中国科幻的首秀。没有让中国人失望，题材太大了，大的连科幻片大国美国都没有人拍过这类题材。同时也给我们人类留下了一个命题，那就是地球的未来该何去何从？,4.5,2019-02-09 23:54:03,1
從開始到現在,温岭,好喜欢硬汉李光洁 值得一看,4.5,2019-02-09 23:54:02,1
泊进之介,九江,特效很炫酷了，蛮好看的～,5.0,2019-02-09 23:54:00,1
Bol800927170,如皋,还行！！！！！！！！！！,4.0,2019-02-09 23:54:00,1
花果山,成都,里程碑，对标好莱坞一线。,5.0,2019-02-09 23:53:59,
不面对现实了,安吉,连续两次放错,3.5,2019-02-09 23:53:58,1
酷酷的蕊三心,汉中,喜欢喜欢不错不错,4.5,2019-02-09 23:53:58,
白紙扇,北京,就是在莫斯缓缓讲述火种计划，空间站贮存了地球几千亿年积累下来的各种DNA样本和植物种子的时候，配合那一幕的音乐以及人们绝望的眼神，联想到这颗美丽的星球即将毁灭的时候，无法抑制的流下了泪水。旁边几个小姑娘也都摸摸抽泣，带着孩子的家长把孩子紧紧的搂在怀里……郭帆导演也是个鬼才，能把电影气氛渲染的这样深入人心。,5.0,2019-02-09 23:53:58,1
went,梅州,虽有瑕疵，但绝对是佳作,5.0,2019-02-09 23:53:57,1
sDo261720537,保山,感觉还是可以的,5.0,2019-02-09 23:53:57,
within614,宁波,简直完美，视觉效果好棒,5.0,2019-02-09 23:53:56,2
rAg590914836,乌鲁木齐,十分好看 中国科幻电影会有一片光明的前途,5.0,2019-02-09 23:53:56,2
OutMan133,武汉,科幻大片。不错,4.0,2019-02-09 23:53:54,
TOp787992187,商丘,这也太好看了吧！！！,5.0,2019-02-09 23:53:53,
心野路子宽丨,广州,拍的非常好 支持,5.0,2019-02-09 23:53:53,
流浪的心,长丰县,中国的科幻片堪比好莱坞大片，真心好看！,4.5,2019-02-09 23:53:51,1
保哥50,许昌,不输美国的科幻电影，不谈瑕疵，支持到底！,5.0,2019-02-09 23:53:51,1
啊kei,贵港,挺好的，泪点很触动人,4.5,2019-02-09 23:53:51,1
Muma、浅夏,营山县,很好看，内容丰富，富有内涵，值得推荐,5.0,2019-02-09 23:53:50,
老卓,厦门,电影垃圾，一个字，乱……,0.5,2019-02-09 23:53:49,1
🤔。  👉🏿北七,重庆,继《后天》、《雪国列车》又一经典力作！,5.0,2019-02-09 23:53:49,
何宇健,顺德,国产科幻片新高度,5.0,2019-02-09 23:53:49,
淡紫色,营口,超级震撼，强烈推荐,4.5,2019-02-09 23:53:49,2
绽放,兴城,好看！地球真的会有那么一天吗？后背嗖嗖的冷风！,4.5,2019-02-09 23:53:47,2
fpH13952266799,徐州,删了一部分，所以才会有些地方衔接不上,4.5,2019-02-09 23:53:47,
👑 兴欧巴💋,本溪,真的很棒，国产大片，意义深刻，感谢能看到这么好的电影，最后真是泪奔了,5.0,2019-02-09 23:53:46,1
LIh237518598,沈阳,超级好看的一部电影,5.0,2019-02-09 23:53:45,
此时～为你言笑,仁寿,还可以！有泪点,4.5,2019-02-09 23:53:45,1
大大大胖神,上海,特效和好莱坞比 还是有点差距。,4.0,2019-02-09 23:53:44,
小春,兰州,个人觉得挺好看的，比之前的灭亡灾难片，这才是正真的逃亡了，毕竟连地球都带上了。另外，从战狼到逃亡地球，吴京总是能把某种情煽到恰当处。值得看了。,5.0,2019-02-09 23:53:43,
天天向上,中山,还可以，国产真正的第一部硬科幻片！,5.0,2019-02-09 23:53:42,
子岳SAMA,贵港,流浪地球我吹爆,5.0,2019-02-09 23:53:41,1
길손（过客）,常宁市,好看 刺激 感人,5.0,2019-02-09 23:53:40,
소여천,都江堰,超级超级好看,5.0,2019-02-09 23:53:40,1
qM,乐东,中国科幻电影的里程碑,5.0,2019-02-09 23:53:40,1
(ー`´ー),梅州,好激动竟然看见了吴孟达,5.0,2019-02-09 23:53:39,
和鞋生活,南安,整体给人感觉不错，就是太虚幻了,3.5,2019-02-09 23:53:39,2
ITg265133923,怀化,用了非常丰富的题材，演员演技也可以，父亲十年的陪伴，最后虽然没有父子的约定没有实现，但是我看到了父亲对儿子的那份爱，还是体现的淋漓尽致！真的是一步好电影！会支持吴京的！,5.0,2019-02-09 23:53:39,
铜仁众大,铜仁,很好看，中国电影业的新里程碑,5.0,2019-02-09 23:53:38,
开心,铁岭,很好，好好欣赏,5.0,2019-02-09 23:53:37,1
JGy419203924,晋中,个人感觉很一般的电影,3.5,2019-02-09 23:53:35,
💕 讉  莣,大连,只有吴京不会让我们失望啊！以后有吴京参与的电影，我都去电影院看～,5.0,2019-02-09 23:53:34,
QtK405764452,睢宁,内容十分震撼，不知运用何等语言才能衬托出此影，奈何文化有限，只能用一句**来表达,5.0,2019-02-09 23:53:31,
木卯人可,巴中,五星好评。从小看着美国科幻巨作，看着美国拯救地球，这会轮到我们中国了，提气，提气。提气！剧本还算严谨，制作精美。希望能有越来越多的电影出现，甚至是系列电影。,5.0,2019-02-09 23:53:31,
不看不换,喀什地区,棒棒棒 看到了国产硬科幻的潜力 剧情满分，特效满分，演员演技满分，笑点泪点都特别戳人，但是台词有硬的地方 总体来说，特别完美，科幻迷的福利，希望这次起步不是巅峰，不是巅峰，不是巅峰。,5.0,2019-02-09 23:53:31,2
古蔺张劲松,泸州,良心导演，良心演员，优秀的刘慈欣，加上优秀的编剧和制作团队，拍出中国有史以来最好的科幻电影，没有之一，足以媲美世界上（包括好莱坞、欧洲、亚洲）最优秀的科幻电影，已超过近年来所有国产电影。,5.0,2019-02-09 23:53:31,
安拓Anto_A,揭阳,很久没看过这么震撼的科幻片了，还是咱们中国自己拍的。口碑逆袭真不是盖的，感觉真值回票价，已经二刷了～ 这么正儿八经的中国科幻片，真的要支持。故事设定，剧情推进，特效效果，视听感受都算得上可以比肩好莱坞科幻片水准了，除了开头剧情以及第二、三部分剧情过渡稍微冗长一点外，真的是很棒了！,4.5,2019-02-09 23:53:30,1
凃超,合肥,挺好的。支持一下,5.0,2019-02-09 23:53:29,1
望不尽天涯路,大邑,完美的诠释了地球是我们的家园！没有人就没有家！,5.0,2019-02-09 23:53:24,1
平平,莆田,震撼✌️大爱！团结！一往无前！,5.0,2019-02-09 23:53:22,
王涛,保定,中国的科幻片！,5.0,2019-02-09 23:53:19,1
5似懂非懂,上海,看过很多这类题材的，但这是中国第一次驾驭这样的题材大片，原作者扎实的天体运行原理知识基础和无限的想象力、创造力造就了电影成功的一半，演员们的表演也很精彩尤其演儿子的小鲜肉不负期待,5.0,2019-02-09 23:53:19,
A好好就好,榆林,觉得像看了一部好莱坞大电影，很震撼,5.0,2019-02-09 23:53:17,
gfc896125557,丰县,中国科幻电影元年,5.0,2019-02-09 23:53:16,1
yBN924517702,景德镇,完美的春节。,5.0,2019-02-09 23:53:15,
A1981762080,北京,好看.值得看.,5.0,2019-02-09 23:53:14,2
XKKAI,绵阳,电影内容好评，情节跌宕起伏，特效也很好。4D体验感很差，座椅纯粹乱动，长时间乱喷气，和座椅搏斗了两个小时...,4.5,2019-02-09 23:53:14,1
A0000捷驰汽车钥匙,利川,科幻片 中国唯一拿得出手的 值得一看,5.0,2019-02-09 23:53:13,
与^O^偕老,成都,留有遗憾，才会更加珍惜  害怕失去，才会更加努力！,5.0,2019-02-09 23:53:13,1
廖巧,长沙,特别好，震撼,5.0,2019-02-09 23:53:12,2
aXn264245258,哈尔滨,想象力再大一些,4.5,2019-02-09 23:53:08,
北海没有猫🐬,吉安,非常好看，值得一看,5.0,2019-02-09 23:53:07,1
郑州大额现金贷，招代理培训学员,安阳,比预期的还要精彩，全程无尿点。进步太大了，年轻的演员变现很好。吴京的电影没有让人失望。给力！,5.0,2019-02-09 23:53:07,1
flR432881299,郑州,太好看了，电影技术越来越好,5.0,2019-02-09 23:53:05,2
.,桂林,非常不错👍👍,5.0,2019-02-09 23:53:02,
阿麦,南宁,蛮好的，有笑有泪，但是有的地方点不够到位。演员都很好,3.5,2019-02-09 23:53:02,
Cooper,佳木斯,美式的个人英雄主义变成了中国的集体英雄主义，纽约洛杉矶变成上海北京，挺接地气，不过剧情强行煽情，剪辑乱码七糟，镜头左摇右晃，过分渲染还是觉得尴尬了。二流水准特效下的中国拯救世界的科幻电影，也算是成功了吧。总的来说：普普通通，但值得表扬。ps：流浪爱国吴京**粉儿请自动屏蔽。,4.5,2019-02-09 23:53:01,1
不知道,兰州,看着还不错，后段挺感人的。,4.5,2019-02-09 23:53:01,2
BIb586247674,成都,大年初一，在电影院哭的稀里哗啦，也是没谁了！☞以前以为家在后面，现在才发现家在前面☜,5.0,2019-02-09 23:52:59,
柚子超人🍯,安顺,好莱坞遗珠👌,4.0,2019-02-09 23:52:57,2
咕噜,资兴市,好莱坞级别的特效，宏伟有中国味道的框架，意犹未尽,5.0,2019-02-09 23:52:55,1
苗苗,随州,真的很好看，真的有身临其境的感觉，很赞,5.0,2019-02-09 23:52:55,
奇安,郴州,给足了我惊喜,4.5,2019-02-09 23:52:54,
A：帆少👣,长沙,还可以吧。可能2D比3D要好看。3D没什么特效,5.0,2019-02-09 23:52:51,1
小M,梧州,国内科幻片的比较不错的开头,5.0,2019-02-09 23:52:49,1
半根香烟800,绵阳,良心制作，好看,5.0,2019-02-09 23:52:49,1
苏苏,永兴县,完全不输国际大片，场面很震撼，特效也很真实，剧情紧凑让人着急揪心，也很感人。为中国电影骄傲！支持！,4.5,2019-02-09 23:52:48,2
情不自禁s,泰安,满分，必须满分,5.0,2019-02-09 23:52:47,
建生,沙县,必看的中国电影,5.0,2019-02-09 23:52:44,1
应柳女,诸暨,中国科幻电影的里程碑,5.0,2019-02-09 23:52:44,2
玲铛LyL,成都,好看，精彩，真心安逸,5.0,2019-02-09 23:52:43,2
是你的小可爱吖💗,林州,完美 很不错,5.0,2019-02-09 23:52:41,
晴空,南通,震撼，凝聚力。强大了我的国,5.0,2019-02-09 23:52:40,
dolphin芸瑶,醴陵,我觉得好看，看完觉得不错就行了！别人觉得不好看不及格，是别人的事，我觉得好看，觉得自己花的钱值了就可以啦😄😄,4.5,2019-02-09 23:52:40,2
佳音繁星,沈阳,有点欧美大片的感觉，就是剧情太能瞎编了😹,4.5,2019-02-09 23:52:40,2
D.day,达州,为剧情的跌宕起伏为之震撼，角色经历完美无缺。极度完美地抓住了我对电影的期待关注，主线叙述了地球人自我救赎的不断探索。,5.0,2019-02-09 23:52:38,1
cLv668534203,南京,看过原著，与原著的宏观叙事不同，这部电影在完全符合原著的基础上，构造出了刘培强、刘启、韩朵朵等新的人物以及一个十分感人的故事。之前读大刘的一篇文章，他写道，中国的科幻需要票房上亿的电影。十几年后，他终于等到了这一天。作为大刘的铁杆粉丝，我对他的硬科幻改编的电影一直充满期待，但这部电影实在好得超出了我的预期，不愧让此刻称为中国的科幻元年。正如全人类的力量使行星发动机推动地球，中国电影工作者已经推动中国科幻片踏上航程。“你们中国人很奇怪，为什么跑路都要带着地球？”“外国人永远不会懂，家和土地，对中国人的意义。”对命运的抗争，对亲人的挚爱，对家园的情怀，这才是科幻的浪漫，是文明的意义。,5.0,2019-02-09 23:52:36,
若君842,银川,致敬刘慈欣，原来我们可以带着地球寻找希望！,4.5,2019-02-09 23:52:35,2
可惜你只是个货,如皋,看的打瞌睡，主演不是很喜欢！冲吴京去看的！,3.0,2019-02-09 23:52:33,
ixi531104117,包头,8多说，吹就完事儿了,5.0,2019-02-09 23:52:33,
_qq8471434841733,无锡,中国第一部！,5.0,2019-02-09 23:52:31,
圆柚子,武汉,不管特效，还是电影的故事情节内容，都很好！,5.0,2019-02-09 23:52:31,2
jOw712507302,顺德,不错，科幻效果挺好,4.5,2019-02-09 23:52:30,1
GKQ881266375,北京,1分送情怀，1分送大刘,4.5,2019-02-09 23:52:29,
刘畅,安阳,很好的科幻大片！,5.0,2019-02-09 23:52:29,2
A中环地产小龚,南昌,恨真实完美..,5.0,2019-02-09 23:52:28,1
小可爱你知不知道,成都,太好看了，虽然前面特别讨厌刘启和韩朵朵，但是后面真的感动的痛哭流涕,5.0,2019-02-09 23:52:28,
韵韵情情,广州,很赞的一部电影,5.0,2019-02-09 23:52:27,2
尐钕人,惠州,不错，不错不错,3.5,2019-02-09 23:52:27,2
wdmzswyt,西安,不愧中国第一科幻巨作,5.0,2019-02-09 23:52:25,
乔安,临海,挺好看的，虽然这个事情有点扯，有几个地方剪的有点不顺畅，但是还是挺好看的呀,5.0,2019-02-09 23:52:24,2
卓,深圳,还是有正能量啊,3.5,2019-02-09 23:52:23,
JKJT,太原,第一次看科幻大片，片中的城市不再是纽约、芝加哥、洛杉矶，而是我们更熟悉的北京、上海、杭州，片中的地标建筑不再是自由女神像、帝国大厦，而是我们更熟悉的央视大楼、上海电视塔。真的很感动，这是中国科幻电影的里程碑，真正属于中国电影的硬科幻！但是，论电影本身，好多文戏和台词太过用力的煽情，刘启这个人物的设定有些孩子气，与父亲的矛盾没有一点说服力，母亲因病去世，为何要记恨重任在身的父亲？为什么要称自己的姥爷“老东西”，这样不符合礼节的称呼，在中国观众看来应该是没有亲和力的。但是这些不足，我认为不会影响影片整体质量，更重要的是这部影片的地位！10分，支持这部属于中国的硬科幻电影！🇨🇳🇨🇳🇨🇳,5.0,2019-02-09 23:52:21,1
fxC455859660,惠州,流浪地球，一场中国式的搬家。地球不行了，米国人从来想的都是移民，也只有重家国文化的中国人才会带着地球一起走！虽然影片瑕疵漏洞不少，但瑕不掩瑜，这个流浪的破球担得起赞誉。希望这是个好的起点！资本市场也请多点质量，少点流量！最后…有说尬煽的。身为人父后，看这段着实很感动。很多科学家、院士终其一生或许都是扮演这样的角色。最后的最后…地球需要更多的Bulid You Dearm！,5.0,2019-02-09 23:52:18,
旅行,阳城,非常好，看不错！,5.0,2019-02-09 23:52:18,1
Lemon🍋,成都,完美真的太好看了，想推荐给所有人。成都交通提醒您，路有千万条，安全第一条。赞赞赞，完全值回票价了。,5.0,2019-02-09 23:52:18,2
Loongge341223,嘉兴,燃爆了，中国第一部非常成功的科幻大片。以前从来都不喜欢看科幻片，今天看过特别震撼，特效十足，人物演技全部在线，赞赞赞👍👍👍,5.0,2019-02-09 23:52:15,
肖朝辉,深圳,很不错，国产科幻大片！刚开始不清楚为什么要流浪地球，为什么不坐飞船流浪，后面明白了！,4.5,2019-02-09 23:52:15,1
L,大丰,槽点太多，怎么就9.3分呢,2.5,2019-02-09 23:52:15,1
小申,铜梁,个人觉得剧情精彩，特效给力，我国也能拍出这样的科幻大片，点赞点赞，希望能继续加油!up!up!8,5.0,2019-02-09 23:52:14,1
自由自在疯,秦皇岛,非常好，过瘾，有血有肉有情有,5.0,2019-02-09 23:52:13,
柳叶飞刀客,淄博,值得鼓励的国产科幻电影,3.5,2019-02-09 23:52:10,1
Lql欣妍,芜湖,人物的表演很真实,5.0,2019-02-09 23:52:10,
QOP852472953,武汉,非常好看，很震撼，没有辜负这个评分,5.0,2019-02-09 23:52:09,
辉7628,四会,作为科幻电影中国拍摄比较以前好,4.0,2019-02-09 23:52:09,
FkK69183689,成都,我是个没文化的，我只想说**四声的那种。太帅了。,5.0,2019-02-09 23:52:08,
山楂💕,荣昌区,是很棒的科幻片,5.0,2019-02-09 23:52:05,2
Mr_小哥丶,厦门,还是很不错，国产片科幻巨作。,5.0,2019-02-09 23:52:05,
BbV63999898,芜湖,我选择希望。,4.5,2019-02-09 23:52:05,
杨贺283,延边,剧情太一般 特效还行,0.5,2019-02-09 23:52:03,1
糖果糖糖唐,深圳,非常棒，非常好,5.0,2019-02-09 23:52:02,1
kuo867318809,北京,科幻类迄今为止拍的最好的，实打实的剧情，没有丝毫为演员贴金的剧情。值得看值得看,5.0,2019-02-09 23:52:00,
不会游泳的鱼,潍坊,男主角竟然和我重名。最喜欢那句我是中国航天员刘培强。,5.0,2019-02-09 23:51:59,1
A _路人甲。 ོ,漳州,超级好看，超级震撼的，吴京永远不会让我失望，太棒了，支持！,5.0,2019-02-09 23:51:59,1
ccj250,盐城,十分震撼，末尾太煽情，佳作,5.0,2019-02-09 23:51:58,1
胥智铭888,丽江,挺好看的，人性描写很真实，没提什么崇高理想，把人类为了活下去努力争取一丝机会描写的非常好！,5.0,2019-02-09 23:51:57,1
朱凌华76,泰州,地球危机，不是骇人听闻，人人都危机感我们的世界才会长治久安。,4.0,2019-02-09 23:51:56,1
dTz157409248,长沙,不多说，强力推荐。,5.0,2019-02-09 23:51:56,
Nikki ,上海,电影不错，只是看完影院不开灯是个什么鬼，全场等着开灯，结束了还来个不愉快,5.0,2019-02-09 23:51:55,
黄宝周,田东县,挺好的科技片，剧情也很不错。但还是改变不了拖拉的剧情。,4.0,2019-02-09 23:51:54,1
tmB992265603,广州,很好的一部科幻电影，值得二刷,5.0,2019-02-09 23:51:51,
IaU824162322,电白,还行，对小孩有教育,4.0,2019-02-09 23:51:50,1
Angela,云浮,场面震撼，故事性强,5.0,2019-02-09 23:51:49,
STA@.end,遵义,神作，强烈推荐,5.0,2019-02-09 23:51:48,
leeqing1106,徐州,为特效打分！,4.5,2019-02-09 23:51:48,
专注,齐齐哈尔,科幻惊险！！！,5.0,2019-02-09 23:51:42,1
游戏人间,杭州,不错，中国的科幻片进步很,4.5,2019-02-09 23:51:42,1
YTu599063115,北京,还行吧，还不错,3.5,2019-02-09 23:51:40,
蔡云龙一支肤宝一老鹰策划,广州,故事还不错，科技感再强点就更好,4.0,2019-02-09 23:51:39,1
OWp329762558,即墨,该片让我对国产硬科幻的前景充满了期待！很有感觉！虽然仍有不足，但在我心中可谓国产硬科幻的开山之作了👍👍👍,5.0,2019-02-09 23:51:38,
贵爷,诸暨,整体还不错，有想像力，画面壮观，也有人情味。,4.0,2019-02-09 23:51:37,1
AK宝钻（金世界官方微信）,顺德,流浪地球🌍……有超前的地球忧患意识，危机意识，场面真是体现未来地球在＂流浪＂的场景！的确是一个理念科学非常超前的好片！,5.0,2019-02-09 23:51:37,1
红叶静,莱芜,很好，值得推荐,5.0,2019-02-09 23:51:37,
魂牵梦绕,庆阳,辣鸡特效，这算什么特效，特码跟真的一样,5.0,2019-02-09 23:51:34,1
穎颖穎。,凯里,我只能说一句 o My god！,3.5,2019-02-09 23:51:32,2
joy璇,滁州,新年看了三部电影，疯狂外星人不照，飞驰人生很不错，这部也不错。质量来说，飞驰和流浪差不多，但是冲着流浪的特效和感触来说，我多给了一点分值。流浪地球给我的触动很深，对生态环境的破坏，让我担心人类真有一天会走到如影片这样的地步。希望这样的电影能让更多人反思，让更多人去保护地球，人类还有希望吧！！,4.0,2019-02-09 23:51:28,2
无心的,南沙,个人觉得很棒,4.5,2019-02-09 23:51:28,
辗转_,江门,脑洞特别大，又是一黑马,5.0,2019-02-09 23:51:28,
A 美甲💅 美睫,大连,影片寓意很深刻，唤醒人们保护家园，团结一致！数字效果做的也比较不错，但是情节、演技真的很一般，好的题材还需要更精湛的人才！再接再厉！,3.5,2019-02-09 23:51:26,2
Ai  zikang 👄,九江,希望中国能多出些这么震撼有意义的电影，支持吴京,5.0,2019-02-09 23:51:26,
帅的一塌糊涂,绵阳,这部电影给我的感觉，最主要只有感情和团结，为了自己的家，为了自己人，为了地球，一切都表现与团结和感情有关，特别是吴京与儿子和姥爷妹妹的感情，很透彻，到后面一方有难八方支援的感觉体现出团结，说明人类觉得还有一丝的希望，电影非常不错！,5.0,2019-02-09 23:51:26,
gonewiththewind,广州,好！很好！非常好！,4.5,2019-02-09 23:51:25,
wqwqc123,电白,中国电影向好莱坞进军了。给中国电影点个赞！,5.0,2019-02-09 23:51:25,2
狼少@,龙泉,超级无敌好看,5.0,2019-02-09 23:51:25,1
JUs13812457727,镇江,超级好看 一点不尬 第一次影片先给小破球,5.0,2019-02-09 23:51:23,
朱占坤,长春,尽管煽情部分有点尴尬，但是真的有好莱坞大片的感觉，国产电影能拍到这种程度，是前无古人的,5.0,2019-02-09 23:51:23,1
甲鱼壳子,盐城,制作来讲还是眼前一亮的,4.5,2019-02-09 23:51:22,
闔以新默,百色,和期望的有点差距，希望国产科幻电影加油,4.5,2019-02-09 23:51:22,1
来僧Nancy,成都,好想再看一遍，中国电影牛,4.5,2019-02-09 23:51:22,
刘琦,深圳,灾难来临，美国是逃离家园🌍寻找新的家园。中国是带着家园一起面对灾难。自豪,5.0,2019-02-09 23:51:20,
August,深圳,和家人一起去看的。很适合全家人一起看。影片中的细节很到位，特别是对吴京在太空中眼泪的处理。里面蕴含着老祖宗的道理，以愚公移山的方式去逃亡。既有好莱坞的水准，却又突破好莱坞固有模式,5.0,2019-02-09 23:51:16,2
小琦子,兴安盟,中国的科幻大片要都能是这种水准就行了，真的太棒了，世界也需要中国人来拯救一次了,4.5,2019-02-09 23:51:16,2
ch修炼,磐石,中国拍出这么好的科幻电影很棒！,4.5,2019-02-09 23:51:15,
蕾15196165210,凉山,很精彩，很震撼，特效技术又上升了一个档次，,5.0,2019-02-09 23:51:15,2
肖肖,武汉,很好看，特效镜头震撼,5.0,2019-02-09 23:51:14,1
工神浩,南充,很强，但是套路还是相对正常，特效很好，总体推荐,4.5,2019-02-09 23:51:14,
WDR229181085,江阴,拍出了好莱坞大片的水准,5.0,2019-02-09 23:51:12,
yyy0oo,福州,跟好莱坞的自然有点差距，但是说是国产最优应该不过分！,5.0,2019-02-09 23:51:12,1
华鑫-吴景鸿,晋江市,太假了。难看,0.5,2019-02-09 23:51:12,1
OfQ818230810,葫芦岛,中国科幻片的突破 非常棒!为吴京 为中国科幻点赞。,5.0,2019-02-09 23:51:11,
 张似飞,北京,很好，场面壮观,5.0,2019-02-09 23:51:11,
ZHEN震,上海,感觉我们在科幻片类型上有一步到位的能力了，或许和综合国力有关 有了刘慈欣 有了钱 有了很多。以前总以为科幻想象总是美国人的事，我错了。心中有千万句赞扬和感动。从这部电影也再次印证了吴京的确就是为了拍好电影做好电影，另外三部不值一提，他们到底是为了春节档为了钱还是为了什么呢？没有内容的电影有意思吗，就算你是品牌惯用几十年套路不求新意也求意境什么都没有这三部是为了什么？自身的品牌就这么好用吗？观众只听你们的？没有思想吗？怒赞流浪地球 怒赞吴京 感动。,5.0,2019-02-09 23:51:11,1
呵,安阳,为了大爱牺牲小爱,5.0,2019-02-09 23:51:10,1
Lnk252345714,天水,国内科幻第一,5.0,2019-02-09 23:51:08,
OVK949933519,定州,个人意见，我觉得可以，当然，这是中国我觉得拍的挺好的科幻片，和美国大片比有差距，但是，我看好中国的科幻片。加油！！！！,5.0,2019-02-09 23:51:07,
男朋友,富阳,看哭了完美/:ok,5.0,2019-02-09 23:51:04,2
JCm455124506,银川,剧情特效以及演技都不错，如果能稍微少一点煽情就好了。,4.5,2019-02-09 23:51:03,
Ypb324042256,云浮,666好看。 很完美！,5.0,2019-02-09 23:51:03,
✨ ﹌ 嬿寶° ✨,吉安,超级无敌巨难看，居然看睡着了,0.5,2019-02-09 23:51:02,2
徐思成,沅江,希望这部电影是中国科幻片的开始,5.0,2019-02-09 23:51:01,1
DPL834099013,南京,超级棒，中国版的    后天    但更好看,5.0,2019-02-09 23:51:01,
Mr.right,平邑,美国人拯救世界太累了，以后养我们来吧！,4.5,2019-02-09 23:51:00,1
金缘鑫愿,重庆,点赞国产。。,5.0,2019-02-09 23:51:00,1
Amor°半情歌࿐,六安,挺震撼的，国产剧拍成这样的非常棒了！值得看,4.5,2019-02-09 23:50:57,2
StephenLee1984,广汉,确实好看，很震撼，原来我们不是拍不出好的科幻片，希望流浪不是巅峰才好。。。,4.5,2019-02-09 23:50:57,1
彼得潘👣,杭州,#流浪地球#给这部电影打9分多一分怕骄傲哈哈哈希望未来的世界一切都安好～,4.5,2019-02-09 23:50:57,2
🔆 小新,乌兰察布,看完就觉得活着挺好，钱不钱的无所谓。,4.5,2019-02-09 23:50:57,2
厉害了，我就是那个哥,英德,棒棒哒！感觉很好！,5.0,2019-02-09 23:50:56,1
OpP225718616,张家口,一次很好的尝试了，有泪点也给人希望。,5.0,2019-02-09 23:50:56,
¥{扬名}¥,惠阳,另一种科幻。另一种思想。完全不同西方科幻。另一种精神输入。,5.0,2019-02-09 23:50:56,
胡665。,临汾,不错，好看着呢,5.0,2019-02-09 23:50:55,
-,银川,很好看，值得！,5.0,2019-02-09 23:50:54,
超级大帅宇,沭阳,还是挺不错的,5.0,2019-02-09 23:50:54,
Zmj392090644,固始县,里程碑意义。中国科幻，未来可期。,5.0,2019-02-09 23:50:54,
HmH783588099,海口,好看，总体很满意。,5.0,2019-02-09 23:50:53,
谢非欧巴,许昌,可好看(｡･ω･｡)ﾉ♡,4.5,2019-02-09 23:50:53,
小彭友,永新,就这样。。。。,3.0,2019-02-09 23:50:51,2
Allen—,益阳,前面一般，后面还算比较燃，整体效果中偏上。,5.0,2019-02-09 23:50:51,
千山映月,贵阳,很不错的国产大片,4.5,2019-02-09 23:50:51,
逆风飞扬,淮南,刺激好看，有泪点,4.5,2019-02-09 23:50:50,2
叶敏树妈,上海,国产的科幻影片棒棒哒！,5.0,2019-02-09 23:50:50,
guw213629690,潜江,好看的飞起，very good,5.0,2019-02-09 23:50:50,
dPL880939427,乌鲁木齐,真好看，新演员演技也是好的，吴孟达的演技很感人,5.0,2019-02-09 23:50:50,
kvi788492600,哈尔滨,额度好(✪▽✪),5.0,2019-02-09 23:50:49,
文倩爆炸呀！(文千万🍥),桐乡,超级好看，代入感很强,5.0,2019-02-09 23:50:46,2
Macbook-L,沈阳,现在懒了，一般电影不爱评分了。但是！流浪地球是跪着、哭着看完的！一定要去看看看！比同期的春节档电影好太多太多了！,5.0,2019-02-09 23:50:44,1
YHv652124575,湛江,特效不错，最后半小时很燃，不过前面的铺垫，人物感情的戏份还需加强！,4.0,2019-02-09 23:50:43,
乐享天成,泰安,超级震撼，中国🇨🇳 的拯救星球未来故事，接地气，有情怀，一部电影能燃气中国人的爱国热情，功不可没！,5.0,2019-02-09 23:50:43,1
冷爱,伊犁,国产科幻电影的里程碑，某些人不要**！自己拍不出效果还使劲摸黑别人！越做越恶心！国产电影多久没出来这么好看的电影了！都**片酬给小鲜肉了。洗钱洗疯了吧！这是我看过最好看的国产科幻电影，没有之一！虽比不上《终结者》，比不上《变形金刚》。但是到现在已经很不错了！我期待崛起那一天。加油(ง •̀_•́)ง,5.0,2019-02-09 23:50:40,1
Axd660812939,北京,没有任何感受  什么4DX  一直一直在震动  整个影片   原谅文化低  真的没看明白    至于影片技术  不评论  真实影评,0.0,2019-02-09 23:50:40,
滨,海沧,特技效果一流，提升了国产科幻电影的新高度！,4.5,2019-02-09 23:50:39,1
mrz804563534,福州,非常精彩！很好看哦！,5.0,2019-02-09 23:50:39,
安澜,英德,如果配乐有星际穿越水平，我就评十分。非常棒的电影！,4.5,2019-02-09 23:50:38,
今生为你画心,黄山,这个片真的给我太多惊喜，点赞,5.0,2019-02-09 23:50:37,1
UYx300834029,东莞,剧情不新颖，台词是为了搞笑而搞笑，整个给人感觉很生硬,2.0,2019-02-09 23:50:37,
XGu859667011,中山,超级超级超级好看,5.0,2019-02-09 23:50:37,
ffr301716235,运城,很好看特效很棒,5.0,2019-02-09 23:50:36,
长路漫漫,张掖,很感动的一部片子，让人们团结，坚持到底！,5.0,2019-02-09 23:50:36,
iYr557000716,承德,个人喜好不同，一般吧,2.5,2019-02-09 23:50:36,
eCK451788383,荆州,很好看！！！！,5.0,2019-02-09 23:50:35,
